"ID";"Customer_Name";"Order_ID";"Order_Date";"Product";"Category";"Quantity";"price";"Payment_Method";"Status";"total"
100;"Customer_100";"ORD-41285";"2024-11-22";"Blender";"Home";3;38;"Cash on Delivery";"Shipped";114
102;"Customer_102";"ORD-84355";"2024-12-23";"Tennis Racket";"Sports";1;389;"PayPal";"Delivered";389
103;"Customer_103";"ORD-57811";"2025-03-19";"Science";"Books";5;234;"PayPal";"Processing";1170
104;"Customer_104";"ORD-93614";"2025-10-20";"Biography";"Books";1;553;"Cash on Delivery";"Processing";553
105;"Customer_105";"ORD-22442";"2024-11-20";"Tennis Racket";"Sports";3;122;"Cash on Delivery";"Cancelled";366
107;"Customer_107";"ORD-89122";"2025-01-03";"Biography";"Books";5;588;"PayPal";"Returned";2940
108;"Customer_108";"ORD-64400";"2025-10-23";"Science";"Books";1;600;"Cash on Delivery";"Processing";600
109;"Customer_109";"ORD-18512";"2025-05-03";"Tennis Racket";"Sports";5;168;"Credit Card";"Shipped";840
110;"Customer_110";"ORD-61020";"2025-09-26";"Basketball";"Sports";5;400;"Cash on Delivery";"Cancelled";2000
111;"Customer_111";"ORD-72349";"2025-10-22";"Comics";"Books";2;866;"Credit Card";"Returned";1732
112;"Customer_112";"ORD-80867";"2025-03-02";"Shoes";"Clothing";4;752;"Bank Transfer";"Delivered";3008
113;"Customer_113";"ORD-23994";"2025-07-24";"Fiction";"Books";1;412;"Credit Card";"Processing";412
114;"Customer_114";"ORD-77417";"2023-01-05";"Smartphone";"Home";2;413;"Cash on Delivery";"Shipped";826
115;"Customer_115";"ORD-72778";"2025-01-10";"Fiction";"Books";2;797;"Cash on Delivery";"Returned";1594
117;"Customer_117";"ORD-72751";"2025-02-12";"Blender";"Home";2;10000;"Cash on Delivery";"Processing";20000
118;"Customer_118";"ORD-96061";"2025-05-31";"Science";"Books";5;248;"PayPal";"Processing";1240
119;"Customer_119";"ORD-76016";"2024-12-19";"Basketball";"Sports";4;438;"Cash on Delivery";"Processing";1752
120;"Customer_120";"ORD-14659";"2025-06-13";"Yoga Mat";"Sports";5;300;"Credit Card";"Cancelled";1500
121;"Customer_121";"ORD-80067";"2025-10-11";"Basketball";"Sports";4;523;"Credit Card";"Delivered";2092
122;"Customer_122";"ORD-21443";"2025-05-16";"Microwave";"Home";2;557;"PayPal";"Shipped";1114
123;"Customer_123";"ORD-11314";"2025-10-06";"Vacuum";"Home";3;616;"Cash on Delivery";"Cancelled";1848
125;"Customer_125";"ORD-23202";"2025-02-09";"Comics";"Books";4;766;"PayPal";"Shipped";3064
126;"Customer_126";"ORD-11261";"2025-05-18";"Shoes";"Clothing";4;837;"Bank Transfer";"Cancelled";3348
127;"Customer_127";"ORD-65482";"2025-05-12";"Blender";"Home";5;336;"Bank Transfer";"Returned";1680
128;"Customer_128";"ORD-12270";"2024-11-10";"Lamp";"Home";3;899;"Bank Transfer";"Delivered";2697
129;"Customer_129";"ORD-48863";"2025-06-22";"Science";"Books";4;737;"Bank Transfer";"Returned";2948
131;"Customer_131";"ORD-91396";"2025-06-11";"Lamp";"Home";5;617;"PayPal";"Shipped";3085
132;"Customer_132";"ORD-40186";"2025-04-02";"Yoga Mat";"Sports";1;267;"PayPal";"Delivered";267
133;"Customer_133";"ORD-68182";"2024-12-05";"Biography";"Books";5;343;"Credit Card";"Shipped";1715
134;"Customer_134";"ORD-16585";"2025-10-04";"T-shirt";"Clothing";5;592;"PayPal";"Shipped";2960
135;"Customer_135";"ORD-33656";"2025-02-09";"Smartwatch";"Home";4;446;"Cash on Delivery";"Cancelled";1784
136;"Customer_136";"ORD-20985";"2025-06-12";"Headphones";"Home";1;697;"Credit Card";"Delivered";697
137;"Customer_137";"ORD-91254";"2025-02-23";"Vacuum";"Home";3;100;"Cash on Delivery";"Delivered";300
138;"Customer_138";"ORD-34319";"2025-08-09";"Lamp";"Home";1;531;"PayPal";"Processing";531
139;"Customer_139";"ORD-38418";"2025-02-09";"Smartphone";"Home";2;681;"Credit Card";"Cancelled";1362
140;"Customer_140";"ORD-67096";"2025-02-26";"Fiction";"Books";4;589;"Credit Card";"Returned";2356
141;"Customer_141";"ORD-45059";"2025-02-13";"Fiction";"Books";3;546;"Cash on Delivery";"Returned";1638
142;"Customer_142";"ORD-69018";"2025-10-30";"Shoes";"Clothing";5;645;"Credit Card";"Shipped";3225
143;"Customer_143";"ORD-14329";"2025-07-11";"T-shirt";"Clothing";5;827;"Bank Transfer";"Cancelled";4135
144;"Customer_144";"ORD-89452";"2025-01-27";"Football";"Sports";5;849;"Bank Transfer";"Processing";4245
145;"Customer_145";"ORD-75314";"2023-05-01";"Laptop";"Home";2;861;"Bank Transfer";"Returned";1722
146;"Customer_146";"ORD-32755";"2025-07-09";"Basketball";"Sports";2;705;"Bank Transfer";"Processing";1410
147;"Customer_147";"ORD-80707";"2025-05-01";"Jacket";"Clothing";4;596;"Cash on Delivery";"Shipped";2384
148;"Customer_148";"ORD-38423";"2025-03-13";"Tennis Racket";"Sports";1;661;"Cash on Delivery";"Returned";661
149;"Customer_149";"ORD-95911";"2025-06-29";"Comics";"Books";5;896;"Bank Transfer";"Cancelled";4480
150;"Customer_150";"ORD-76902";"2024-11-27";"Yoga Mat";"Sports";1;206;"Credit Card";"Returned";206
151;"Customer_151";"ORD-56552";"2025-07-01";"Comics";"Books";2;457;"PayPal";"Processing";914
152;"Customer_152";"ORD-72869";"2025-09-22";"Lamp";"Home";3;233;"PayPal";"Returned";699
153;"Customer_153";"ORD-29721";"2025-07-16";"Yoga Mat";"Sports";4;279;"Cash on Delivery";"Processing";1116
154;"Customer_154";"ORD-95990";"2025-02-21";"Blender";"Home";5;790;"Cash on Delivery";"Cancelled";3950
155;"Customer_155";"ORD-20182";"2025-05-01";"shoes";"Clothing";1;41;"PayPal";"Returned";41
157;"Customer_157";"ORD-34407";"2025-11-06";"Jacket";"Clothing";4;275;"Bank Transfer";"Processing";1100
158;"Customer_158";"ORD-35817";"2025-04-05";"Smartwatch";"Home";1;934;"Cash on Delivery";"Shipped";934
159;"Customer_159";"ORD-98162";"2025-07-28";"Microwave";"Home";3;163;"PayPal";"Shipped";489
160;"Customer_160";"ORD-96037";"2025-01-03";"Science";"Books";5;243;"Cash on Delivery";"Returned";1215
161;"Customer_161";"ORD-27653";"2024-12-15";"Science";"Books";4;209;"Bank Transfer";"Shipped";836
162;"Customer_162";"ORD-27743";"2025-05-19";"Blender";"Home";2;156;"Credit Card";"Returned";312
163;"Customer_163";"ORD-24378";"2023-01-05";"Smartwatch";"Home";3;235;"Cash on Delivery";"Shipped";705
165;"Customer_165";"ORD-55695";"2024-11-08";"Shoes";"Clothing";2;443;"Credit Card";"Delivered";886
166;"Customer_166";"ORD-97756";"2025-07-03";"T-shirt";"Clothing";2;569;"Cash on Delivery";"Shipped";1138
168;"Customer_168";"ORD-53430";"2025-11-04";"Biography";"Books";2;141;"PayPal";"Cancelled";282
169;"Customer_169";"ORD-75539";"2025-08-12";"Basketball";"Sports";1;582;"Credit Card";"Returned";582
170;"Customer_170";"ORD-21530";"2025-10-03";"Jeans";"Clothing";5;742;"Bank Transfer";"Processing";3710
171;"Customer_171";"ORD-99790";"2024-12-06";"Shoes";"Clothing";3;689;"PayPal";"Processing";2067
172;"Customer_172";"ORD-48008";"2024-11-18";"Comics";"Books";2;943;"Bank Transfer";"Returned";1886
173;"Customer_173";"ORD-42171";"2025-10-11";"Lamp";"Home";5;352;"Credit Card";"Shipped";1760
174;"Customer_174";"ORD-16766";"2025-09-20";"Microwave";"Home";4;187;"Credit Card";"Returned";748
175;"Customer_175";"ORD-56651";"2025-02-24";"Headphones";"Home";1;111;"Credit Card";"Processing";111
176;"Customer_176";"ORD-95794";"2025-07-22";"Comics";"Books";5;531;"Cash on Delivery";"Shipped";2655
177;"Customer_177";"ORD-64136";"2025-07-28";"Laptop";"Home";1;69;"Bank Transfer";"Returned";69
178;"Customer_178";"ORD-89906";"2025-09-18";"Tennis Racket";"Sports";3;472;"PayPal";"Returned";1416
179;"Customer_179";"ORD-99328";"2025-09-03";"Yoga Mat";"Sports";3;869;"PayPal";"Delivered";2607
180;"Customer_180";"ORD-86629";"2025-03-26";"Laptop";"Home";2;418;"Credit Card";"Processing";836
181;"Customer_181";"ORD-54481";"2024-12-29";"Smartphone";"Home";1;266;"Cash on Delivery";"Cancelled";266
182;"Customer_182";"ORD-79672";"2025-08-03";"Shoes";"Clothing";4;538;"PayPal";"Processing";2152
184;"Customer_184";"ORD-67799";"2025-02-15";"Jeans";"Clothing";4;101;"Bank Transfer";"Processing";404
185;"Customer_185";"ORD-57123";"2025-08-14";"Football";"Sports";2;731;"Cash on Delivery";"Cancelled";1462
186;"Customer_186";"ORD-90569";"2025-10-06";"Laptop";"Home";1;365;"Bank Transfer";"Delivered";365
187;"Customer_187";"ORD-41292";"2024-11-19";"Smartphone";"Home";3;883;"Bank Transfer";"Returned";2649
188;"Customer_188";"ORD-58590";"2024-11-19";"Microwave";"Home";5;504;"Cash on Delivery";"Shipped";2520
189;"Customer_189";"ORD-30627";"2025-08-14";"Lamp";"Home";1;815;"Cash on Delivery";"Returned";815
190;"Customer_190";"ORD-38469";"2025-06-29";"Vacuum";"Home";1;920;"Bank Transfer";"Processing";920
191;"Customer_191";"ORD-41810";"2025-07-18";"Fiction";"Books";2;881;"Cash on Delivery";"Returned";1762
194;"Customer_194";"ORD-69764";"2025-02-10";"Lamp";"Home";5;945;"Cash on Delivery";"Returned";4725
195;"Customer_195";"ORD-82876";"2025-06-19";"Biography";"Books";5;817;"Cash on Delivery";"Returned";4085
197;"Customer_197";"ORD-79139";"2025-06-23";"Blender";"Home";1;160;"PayPal";"Cancelled";160
198;"Customer_198";"ORD-14608";"2025-07-27";"Vacuum";"Home";2;497;"Cash on Delivery";"Shipped";994
199;"Customer_199";"ORD-82922";"2025-01-22";"Blender";"Home";5;372;"Credit Card";"Shipped";1860
